[{"power":0,"value":0,"mg_day":0,"volume":5000,"desolve":0},{"power":0,"value":0,"mg_day":0,"volume":5000,"desolve":0},{"power":0,"value":0,"mg_day":0,"volume":5000,"desolve":0},{"power":0,"value":0,"mg_day":0,"volume":5000,"desolve":0},{"power":0,"value":0,"mg_day":0,"volume":5000,"desolve":0},{"power":0,"value":0,"mg_day":0,"volume":5000,"desolve":0},{"power":0,"value":0,"mg_day":0,"volume":5000,"desolve":0},{"power":0,"value":0,"mg_day":0,"volume":5000,"desolve":0},{"power":0,"value":0,"mg_day":0,"volume":5000,"desolve":0},{"power":0,"value":0,"mg_day":0,"volume":5000,"desolve":0},{"power":200,"value":70,"mg_day":0,"volume":5000,"desolve":0},{"power":1300,"value":135,"mg_day":0,"volume":5000,"desolve":0},{"power":1100,"value":40,"mg_day":0,"volume":5000,"desolve":0},{"power":0,"value":0,"mg_day":0,"volume":5000,"desolve":0},{"power":0,"value":0,"mg_day":0,"volume":5000,"desolve":0},{"power":0,"value":0,"mg_day":0,"volume":5000,"desolve":0}]