[{"min_temp":35,"max_temp":55,"min_value":1000,"ds_id":255},{"min_temp":35,"max_temp":55,"min_value":1000,"ds_id":255},{"min_temp":35,"max_temp":55,"min_value":1000,"ds_id":255},{"min_temp":35,"max_temp":55,"min_value":1000,"ds_id":255},{"min_temp":35,"max_temp":55,"min_value":1000,"ds_id":255},{"min_temp":35,"max_temp":55,"min_value":1000,"ds_id":255},{"min_temp":35,"max_temp":55,"min_value":1000,"ds_id":255},{"min_temp":35,"max_temp":55,"min_value":1000,"ds_id":255},{"min_temp":35,"max_temp":55,"min_value":1000,"ds_id":255},{"min_temp":35,"max_temp":55,"min_value":1000,"ds_id":255},{"min_temp":35,"max_temp":55,"min_value":1000,"ds_id":255},{"min_temp":35,"max_temp":55,"min_value":1000,"ds_id":255},{"min_temp":35,"max_temp":55,"min_value":1000,"ds_id":255},{"min_temp":35,"max_temp":55,"min_value":1000,"ds_id":255},{"min_temp":35,"max_temp":55,"min_value":150,"ds_id":0},{"min_temp":35,"max_temp":55,"min_value":150,"ds_id":0}]