[{"name":"","alarmIndex":255,"temp":50,"step":10,"interval":10,"isAlarm":0,"sens_id":0},{"name":"","alarmIndex":255,"temp":50,"step":10,"interval":10,"isAlarm":0,"sens_id":0},{"name":"","alarmIndex":255,"temp":50,"step":10,"interval":10,"isAlarm":0,"sens_id":0},{"name":"","alarmIndex":255,"temp":50,"step":10,"interval":10,"isAlarm":0,"sens_id":0},{"name":"","alarmIndex":255,"temp":50,"step":10,"interval":10,"isAlarm":0,"sens_id":0},{"name":"","alarmIndex":255,"temp":50,"step":10,"interval":10,"isAlarm":0,"sens_id":0},{"name":"","alarmIndex":255,"temp":50,"step":10,"interval":10,"isAlarm":0,"sens_id":0},{"name":"","alarmIndex":255,"temp":50,"step":10,"interval":10,"isAlarm":0,"sens_id":0}]